{"balance_asset1": 0.01278384, "balance_asset2": 0.69076732, "balance_asset3": 493.745804, "cash_balance": 3.15731}