{"old": {"old_asset1": 0.01278384, "old_asset2": 0.69076732, "old_asset3": 493.745804}, "old_cash": 3.15731}