{"compare": {"compare_asset1": 118.8161145382512, "compare_asset2": 124.0065492864, "compare_asset3": 117.86699833088}, "profit": {"profit_asset1": -0.04781910406560996, "profit_asset2": 0.0, "profit_asset3": 0.0, "current": -0.04781910406560996, "overall": 0.0}, "initialcheck2": "done"}