{"price_asset1": 9393.02161, "price_asset2": 181.77, "price_asset3": 0.24082}